title,company,location,link
Software Developer,Ascension,"Austin, TX",https://stackoverflow.com/jobs/370921
Service and Infrastructure Developer,Nine Internet Solutions AG,"Zürich, Switzerland",https://stackoverflow.com/jobs/371068
MO-Expert,Apple,Macao,https://stackoverflow.com/jobs/389718
システム開発,マンパワーグループ株式会社,"Fukuoka, Japan",https://stackoverflow.com/jobs/381558
"時給3,000円 2名 交通費全額/決済システム機能改善対応",株式会社エーティーエス,"Kyoto, Japan",https://stackoverflow.com/jobs/389680
フリマアプリの開発,株式会社エーティーエス,"Setagaya City, Japan",https://stackoverflow.com/jobs/317135
高時給 7名/交通費/Java/クレジット基幹システム開発,株式会社エーティーエス,,https://stackoverflow.com/jobs/389469
Python Developer,Zaaksysteem.nl,"Amsterdam, Netherlands",https://stackoverflow.com/jobs/333770
Webプログラマ,株式会社イマジカデジタルスケープ,"大阪市, Japan",https://stackoverflow.com/jobs/389663
東比恵駅|システムエンジニア経験者募集 年間休日120日以上 退職金制度あり 長期休暇取得もOK |社内SE,株式会社システック井上 福岡営業所,"Fukuoka, Japan",https://stackoverflow.com/jobs/389642
アプリ基盤更改支援,株式会社エーティーエス,"Chiyoda City, Japan",https://stackoverflow.com/jobs/389630
Webディレクター,株式会社イマジカデジタルスケープ,"Osaka, Japan",https://stackoverflow.com/jobs/387767
GUIデザイナー,株式会社ユウクリ,"Shibuya City, Japan",https://stackoverflow.com/jobs/389614
開始日相談OK 大手/交通費支給/スマホアプリ開発(PM),株式会社エーティーエス,"Osaka, Japan",https://stackoverflow.com/jobs/389598
Senior Full-Stack Developer,Digia,"Helsinki, Finland",https://stackoverflow.com/jobs/379606
Senior Full-Stack Developer,Digia,"Tampere, Finland",https://stackoverflow.com/jobs/379605
PHP (Codeigniter) Developer,Module Informatics,"Noida, India",https://stackoverflow.com/jobs/358650
Jr. WordPress Developer,ALLINDIA,"Kolkata, India",https://stackoverflow.com/jobs/379560
生命保険会社向けRPA導入支援,株式会社エーティーエス,"Osaka, Japan",https://stackoverflow.com/jobs/379518
システム開発(オープン・WEB・モバイル),大化物流開発合同会社,"Osaka, Japan",https://stackoverflow.com/jobs/333522
モバイル系システムエンジニア募集,株式会社エーティーエス,"Osaka, Japan",https://stackoverflow.com/jobs/333515
即日開始/交通費全額支給 セキュリティ監視システム開発,株式会社エーティーエス,"Osaka, Japan",https://stackoverflow.com/jobs/379460
即日 交通費/駅近/体調管理アプリ開発およびテストサポート,株式会社エーティーエス,"Shinjuku City, Japan",https://stackoverflow.com/jobs/379450
即日 交通費支給/C、C++/COBOLコンパイラ製品開発,株式会社エーティーエス,"Kobe, Japan",https://stackoverflow.com/jobs/379352
Critical Facility Engineer,Facebook,"Altoona, IA",https://stackoverflow.com/jobs/379327
Scrum Master,Ascension,"St. Louis, MO",https://stackoverflow.com/jobs/379300
Critical Facility Engineer,Facebook,"Altoona, IA",https://stackoverflow.com/jobs/379326
Critical Facility Engineer,Facebook,"Luleå, Sweden",https://stackoverflow.com/jobs/379319
高時給 3名 即日/Java/タイヤメーカー向けマスタ開発,株式会社エーティーエス,"Koto City, Japan",https://stackoverflow.com/jobs/387792
Androidアプリ開発,株式会社エーティーエス,"Osaka, Japan",https://stackoverflow.com/jobs/378926
"時給3,500円 即日開始 銀行向けシステム開発(Java)",株式会社エーティーエス,"Minato City, Japan",https://stackoverflow.com/jobs/389168
通信販売サービス再構築対応,株式会社エーティーエス,"Setagaya City, Japan",https://stackoverflow.com/jobs/378897
正社員募集 2名 東証一部/Javaアプリケーション開発,株式会社エーティーエス,"Shinjuku City, Japan",https://stackoverflow.com/jobs/389167
システム管理業務支援,株式会社エーティーエス,"Fujimi, Japan",https://stackoverflow.com/jobs/378860
グラフィックデザイナー,CPAエクセレントパートナーズ㈱,"Chiyoda City, Japan",https://stackoverflow.com/jobs/317895
Angular Specialist,Benify,"Göteborg, Sweden",https://stackoverflow.com/jobs/370704
ネットワークエンジニア,株式会社イマジカデジタルスケープ,"Shibuya City, Japan",https://stackoverflow.com/jobs/378659
Urgent Hiring Wordpress Developer,eSearch Logix Technologies Pvt Ltd,"Noida, India",https://stackoverflow.com/jobs/389071
オンラインショップにおけるPM業務,株式会社エーティーエス,"千代田区, Japan",https://stackoverflow.com/jobs/378620
勢いのある企業 駅近/PHP/自社サービスの開発・保守,株式会社エーティーエス,"Osaka, Japan",https://stackoverflow.com/jobs/389063
Webデザイナー,アイテック阪急阪神株式会社,"Osaka, Japan",https://stackoverflow.com/jobs/328541
5月中旬or6月開始 2名募集 大阪駅近/SE・PG募集,株式会社エーティーエス,"Osaka, Japan",https://stackoverflow.com/jobs/389008
調剤薬局向け/新大阪駅 即日~長期/JavaのSE募集,株式会社エーティーエス,"Osaka, Japan",https://stackoverflow.com/jobs/389007
正社員8名募集 東証一部上場/クレジット決済ネットワーク開発,株式会社エーティーエス,"Shinjuku City, Japan",https://stackoverflow.com/jobs/388975
Web Developer,ICS Technologies Pvt Ltd,"Hyderabad, India",https://stackoverflow.com/jobs/332911
(Senior) System Engineer ECM (m/w/d) (C1 Level German),Exela Technologies,"Augsburg, Deutschland",https://stackoverflow.com/jobs/332741
Technology Management Leader,"Ideal Concepts, Inc.","Allentown, PA",https://stackoverflow.com/jobs/378500
Senior Front-end Developer,Codility,No office location,https://stackoverflow.com/jobs/356204
PHP/WORDPRESS DEVELOPER,UMZ Technologies.com,"Kolkata, India",https://stackoverflow.com/jobs/378442
Web Developer,Creative Thoughts Informatics,"Indore, India",https://stackoverflow.com/jobs/378416
Project Coordinator,Arbutus Infotech,"Indore, India",https://stackoverflow.com/jobs/378413
Web Developer PHP,Arbutus Infotech,"Indore, India",https://stackoverflow.com/jobs/378394
ビジネススクール　WEBサイト・ディレクション担当,グロービス,"Osaka, Japan",https://stackoverflow.com/jobs/345776
メーカー向け、フロントエンド開発業務,株式会社エーティーエス,"Osaka, Japan",https://stackoverflow.com/jobs/345774
システム改修・テスト環境運用,株式会社エーティーエス,"Osaka, Japan",https://stackoverflow.com/jobs/345768
プログラマー・SE,株式会社タイロス,"Fuchu, Japan",https://stackoverflow.com/jobs/345754
大手メーカー向け業務システム開発,株式会社エーティーエス,"Kobe, Japan",https://stackoverflow.com/jobs/345618
自動応答サービス開発のお仕事,株式会社エーティーエス,"Kobe, Japan",https://stackoverflow.com/jobs/345613
産業機器の開発業務/C言語,株式会社エーティーエス,"Takarazuka, Japan",https://stackoverflow.com/jobs/345602
Senior Software Quality Assurance (QA Engineer),Brains & Machines Innovative Solutions,"Hyderabad, India",https://stackoverflow.com/jobs/358107
Senior PHP Developer,QualSights India Private Limited,"Chandigarh, India",https://stackoverflow.com/jobs/388800
Senior Web Developer,Salus Technologies,"Pune, India",https://stackoverflow.com/jobs/388789
Web Designer & Developer,Webchirpy,"Coimbatore, India",https://stackoverflow.com/jobs/388780
Joomla and WordPress Developer,TechUnity Software Systems India Pvt Ltd,"Coimbatore, India",https://stackoverflow.com/jobs/388778
社内SE,株式会社イマジカデジタルスケープ,"Chiyoda City, Japan",https://stackoverflow.com/jobs/388754
Webエンジニア,株式会社イマジカデジタルスケープ,"Oita, Japan",https://stackoverflow.com/jobs/388737
テクニカルディレクター,株式会社FROM JAPAN,"Oita, Japan",https://stackoverflow.com/jobs/388729
社内SE,株式会社イマジカデジタルスケープ,"Osaka, Japan",https://stackoverflow.com/jobs/380969
Application Engineer / Architect (m/w),duagon AG,"Dietikon, Schweiz",https://stackoverflow.com/jobs/355765
"Business Analyst, ISO/NCCI","Vertex Computer Systems, Inc.","Charlotte, NC",https://stackoverflow.com/jobs/357847
Real-Time Ethernet / PROFINET Software Engineer (m/w),duagon AG,"Dietikon, Schweiz",https://stackoverflow.com/jobs/355748
サーバアプリ機能開発業務,株式会社エーティーエス,"Osaka, Japan",https://stackoverflow.com/jobs/378129
改ざん検知機能の開発業務,株式会社エーティーエス,"Yokohama, Japan",https://stackoverflow.com/jobs/357686
バックエンドアプリ開発,株式会社エーティーエス,"Kyoto, Japan",https://stackoverflow.com/jobs/332304
ゲームサーバ共通基盤の開発,株式会社エーティーエス,"Shibuya City, Japan",https://stackoverflow.com/jobs/311430
Software Developer Engineer Test (SDET),Ascension,"Chicago, IL",https://stackoverflow.com/jobs/345263
時給3300円 即日/交通費/開発、運用に伴うPM支援業務,株式会社エーティーエス,"Chuo City, Japan",https://stackoverflow.com/jobs/388477
高時給 4名募集/交通費支給/Ruby/フロントエンド開発,株式会社エーティーエス,"Chiyoda City, Japan",https://stackoverflow.com/jobs/385893
2名募集 即日/交通費支給/Java/業務支援ツール作成,株式会社エーティーエス,"Koto City, Japan",https://stackoverflow.com/jobs/388460
5名 即日/交通費/Java/新型ドライブエージェント開発,株式会社エーティーエス,"Osaka, Japan",https://stackoverflow.com/jobs/388449
3名募集 即日~長期/交通費全額 SNSのサーバサイド開発,株式会社エーティーエス,"Shinjuku City, Japan",https://stackoverflow.com/jobs/388423
4名募集 正社員/大手企業 アーキテクチャの設計・構築,株式会社エーティーエス,"Shinjuku City, Japan",https://stackoverflow.com/jobs/388414
正社員2名募集 東証一部上場 次世代カードサービスの開発,株式会社エーティーエス,"Shinjuku City, Japan",https://stackoverflow.com/jobs/388405
Webデザイナー,ドリームネットデザイン株式会社,"Kobe, Japan",https://stackoverflow.com/jobs/388377
"Product Manager, Technical - Supply Chain Planning",T-Mobile,"Bellevue, WA",https://stackoverflow.com/jobs/377833
"Product Manager, Technical - Reverse Logistics",T-Mobile,"Bellevue, WA",https://stackoverflow.com/jobs/375405
Software Support Engineer,"CliniComp, Intl.","San Diego, CA",https://stackoverflow.com/jobs/388333
Game Designer,PeopleFun,"Richardson, TX",https://stackoverflow.com/jobs/370190
Game Data Analyst,PeopleFun,"Richardson, TX",https://stackoverflow.com/jobs/370179
IOS Mobile Software Developer,Ascension,"Austin, TX",https://stackoverflow.com/jobs/388305
Android Mobile Software Developer,Ascension,"Austin, TX",https://stackoverflow.com/jobs/388304
Software Developer,CGI IT UK LTD,"Liverpool, UK",https://stackoverflow.com/jobs/357270
"Fullstack Developer - Java, Typescript, Angular",Benify AB,"Göteborg, Sweden",https://stackoverflow.com/jobs/370070
各種分析システムの計算機・ソフトウェアの設定,株式会社エーティーエス,"神戸市, Japan",https://stackoverflow.com/jobs/357083
Java/JavaScript開発,株式会社エーティーエス,"Yokohama, Japan",https://stackoverflow.com/jobs/332075
有名企業にてECサイト開発業務,株式会社エーティーエス,"Amagasaki, Japan",https://stackoverflow.com/jobs/332063
テスト業務,株式会社エーティーエス,"Suita, Japan",https://stackoverflow.com/jobs/356811
電子書籍サイトの改修,株式会社エーティーエス,"Osaka, Japan",https://stackoverflow.com/jobs/356791
管理会計システム再構築,株式会社エーティーエス,"Ebina, Japan",https://stackoverflow.com/jobs/369938
人気の8Kカメラ開発業務(C言語),株式会社エーティーエス,"Koganei, Japan",https://stackoverflow.com/jobs/356697
実務未経験でも趣味や独学でPHPプログラミングをしていた方募集!,株式会社シスナビ,"Toshima City, Japan",https://stackoverflow.com/jobs/377947
COBOL、PL/I、SQLを扱うプログラマー/基本残業なし,コスモテクノス株式会社,"Shinjuku City, Japan",https://stackoverflow.com/jobs/369896
C、C++、アセンブラ、SQLを扱うプログラマー/基本残業なし,コスモテクノス株式会社,"Shinjuku City, Japan",https://stackoverflow.com/jobs/369876
上流工程でのプロデューサー業務,株式会社エーティーエス,"Osaka, Japan",https://stackoverflow.com/jobs/369872
画像認識アルゴ環境構築(C言語),株式会社エーティーエス,"Osaka, Japan",https://stackoverflow.com/jobs/369844
VB、Java、.NET(ASP/C#/VB)、SQLを扱う汎用系SE(40代50代活躍),コスモテクノス株式会社,"Shinjuku City, Japan",https://stackoverflow.com/jobs/369835
Perl、PHP、Python、SQLを扱う金融系SE(残業少な目、プライベート充実),コスモテクノス株式会社,"Shinjuku City, Japan",https://stackoverflow.com/jobs/369834
C、C++、VB、Java、.NET、COBOL、PL/I、アセンブラ、SQL、Perl、PHP、Pythonプログラマー,コスモテクノス株式会社,"Shinjuku City, Japan",https://stackoverflow.com/jobs/369833
Perl、PHP、Python、SQLを扱う汎用系SE(40代50代活躍),コスモテクノス株式会社,"Shinjuku City, Japan",https://stackoverflow.com/jobs/369832
Perl、PHP、Python、SQLを扱うプログラマー/基本残業なし,コスモテクノス株式会社,"Shinjuku City, Japan",https://stackoverflow.com/jobs/369831
Web Developer for Ecommerce,Navkar Dreamsoft,"Pune, India",https://stackoverflow.com/jobs/388134
Senior Web Developer,Webchirpy,"Coimbatore, India",https://stackoverflow.com/jobs/388062
販売管理システムの開発業務,株式会社エーティーエス,"Osaka, Japan",https://stackoverflow.com/jobs/388017
SE補佐業務,株式会社エーティーエス,"Osaka, Japan",https://stackoverflow.com/jobs/356826
"Senior Java Engineer – Technology-Led InsurTech Company – £65,000 – £85,000",Technology-Led InsurTech CompanyviaTalentBase,"London, UK",https://stackoverflow.com/jobs/351802
Senior Full Stack Developer,Documate,"Los Angeles, CA",https://stackoverflow.com/jobs/330144
Web系エンジニア 研修有 プログラマー Java,トライアロー株式会社,"Sendai, Japan",https://stackoverflow.com/jobs/344946
Web系エンジニア,トライアロー株式会社,"Sendai, Japan",https://stackoverflow.com/jobs/344945
HTMLコーダー,株式会社クレアネット,"Osaka, Japan",https://stackoverflow.com/jobs/310595
システム開発プロジェクトリーダー,株式会社エーティーエス,"Nagoya, Japan",https://stackoverflow.com/jobs/310460
製造業向けシステム開発(PG),株式会社エーティーエス,"Nagoya, Japan",https://stackoverflow.com/jobs/310427
データアナリスト,株式会社エム・フィールド,"Shinagawa City, Japan",https://stackoverflow.com/jobs/310379
サーバサイド開発,株式会社エーティーエス,"Shibuya City, Japan",https://stackoverflow.com/jobs/310146
サーバー開発・運用,株式会社エーティーエス,"Shibuya City, Japan",https://stackoverflow.com/jobs/310145
プラットフォームのサービス運用,株式会社エーティーエス,"Setagaya City, Japan",https://stackoverflow.com/jobs/310080
Full-Stack Software Developer,Ascension,"Austin, TX",https://stackoverflow.com/jobs/355865
【インターンシップ】 ゲームエンジニアの実戦経験が積める1000万ユーザーが遊ぶ人気ゲームを現場社員と一緒に作る,株式会社Donuts,"Shibuya City, Japan",https://stackoverflow.com/jobs/309575
ゲームエンジニアの実戦経験が積める!1000万ユーザーが遊ぶ人気ゲームを現場社員と一緒に作るインターン募集!,株式会社Donuts,"Shibuya City, Japan",https://stackoverflow.com/jobs/309525
生産管理システム開発,株式会社エーティーエス,"Atsugi, Japan",https://stackoverflow.com/jobs/309447
Senior Technical Web Analyst,Legal & General,"Cardiff, UK",https://stackoverflow.com/jobs/369604
Sr Software Engineer Backend,eBay,"Netanya, Israel",https://stackoverflow.com/jobs/387947
Senior Software Engineer - Full Stack,eBay,"Netanya, Israel",https://stackoverflow.com/jobs/387946
SC Cleared Software Engineer (Java),CGI IT UK LTD,"Leatherhead, UK",https://stackoverflow.com/jobs/356201
"Business Consultant SAP SD, MM-PUR, EasyDM",Siemens AG,"Wallisellen, Switzerland",https://stackoverflow.com/jobs/377826
社員登用 土日休:IT事務・システムエンジニア/SE,株式会社ワールド避雷針工業,"Shinagawa City, Japan",https://stackoverflow.com/jobs/356000
PHP Team Leaders,Pnestec Systems,"Indore, India",https://stackoverflow.com/jobs/325770
Software Developer- PHP,Atwesh solution,"Indore, India",https://stackoverflow.com/jobs/325657
PHP Developer,LassoART Designs,"Indore, India",https://stackoverflow.com/jobs/377811
開発ジュニア・エンジニア(翻訳支援ツール),株式会社ロゼッタ,"Shinjuku City, Japan",https://stackoverflow.com/jobs/357598
C#プログラマー(自社システム開発),株式会社パソナテック,"Yokohama, Japan",https://stackoverflow.com/jobs/377616
アプリケーション開発,株式会社エーティーエス,"Osaka, Japan",https://stackoverflow.com/jobs/331554
Webアプリ開発業務,株式会社スターワークス,"Chiyoda City, Japan",https://stackoverflow.com/jobs/369194
Senior PHP Developer,Peritus Infotech Solutions,"Noida, India",https://stackoverflow.com/jobs/378071
Wordpress Developer,WorkLooper Consultants Pvt. Ltd.,"Noida, India",https://stackoverflow.com/jobs/387839
Linux Cloud Support Engineer (EMEA located),Platform.sh,No office location,https://stackoverflow.com/jobs/387828
.net Application Developer(6+yrs),Ieverware,"Hyderabad, India",https://stackoverflow.com/jobs/344789
.net Application Developer(0-3yrs),Ieverware,"Hyderabad, India",https://stackoverflow.com/jobs/344788
Software Development,Talent Zone Consultants,"Bengaluru, India",https://stackoverflow.com/jobs/331429
2名 即日/交通費/Java/Webアプリケーション開発,株式会社エーティーエス,"Minato City, Japan",https://stackoverflow.com/jobs/387791
6月開始 交通費全額支給 Java/契約管理システム保守,株式会社エーティーエス,"Shinagawa City, Japan",https://stackoverflow.com/jobs/387785
Software Architect (Mobile),Ascension,"St. Louis, MO",https://stackoverflow.com/jobs/368266
Full Stack Backend Specialist,Jumbo Supermarkets,"Veghel, Netherlands",https://stackoverflow.com/jobs/377506
Test Analyst,CGI IT UK LTD,"Bristol, UK",https://stackoverflow.com/jobs/355686
Java Engineer,trivago N.V.,"Düsseldorf, Germany",https://stackoverflow.com/jobs/377502
サーバエンジニア,株式会社イマジカデジタルスケープ,"Shinjuku City, Japan",https://stackoverflow.com/jobs/349690
3名募集 即日/Salesforce/公共系システムの開発,株式会社エーティーエス,"Minato City, Japan",https://stackoverflow.com/jobs/387683
Software Developer,TE - Talent Exponent,"Bengaluru, India",https://stackoverflow.com/jobs/387661
Lead PHP Developer,TechChefs Software,"Bengaluru, India",https://stackoverflow.com/jobs/387655
Urgent Requirement For PHP DEVELOPER,CLUDO Technology Consultants LLP,"Kolkata, India",https://stackoverflow.com/jobs/362288
"Hiring Ionic Developer at Ahmedabad, Gujarat with KCST IT Global",KRISH COMPUSOFT SERVICES PVT. LTD,"Ahmedabad, India",https://stackoverflow.com/jobs/387609
フロントエンドエンジニア,株式会社イマジカデジタルスケープ,"Osaka, Japan",https://stackoverflow.com/jobs/344645
データセンタ監視・構築運用業務,株式会社エーティーエス,"Yokohama, Japan",https://stackoverflow.com/jobs/355569
PHP Developer/ Sr. PHP Developer,Green Web Media,"Noida, India",https://stackoverflow.com/jobs/344495
PHP Developer/ Sr. PHP Developer,Green Byte Web,"Noida, India",https://stackoverflow.com/jobs/344494
Senior PHP Developer,Gyan Websolutions,"Hyderabad, India",https://stackoverflow.com/jobs/330868
Rubyエンジニア / インターネット/Webサービス・ASP,株式会社 LegalForce,"Chiyoda City, Japan",https://stackoverflow.com/jobs/337341
DevOps推進業務,株式会社エーティーエス,"Setagaya City, Japan",https://stackoverflow.com/jobs/377079
Full Stack Developer,Viral Brand Services,"Pune, India",https://stackoverflow.com/jobs/387474
フレームワーク保守開発,株式会社エーティーエス,"Osaka, Japan",https://stackoverflow.com/jobs/377017
"Work on Computer Science focused Articles (remote, part-time)",Baeldung,No office location,https://stackoverflow.com/jobs/351111
Ingenieur (m/w/d) - Cyber Security,umlaut,"Aachen, Deutschland",https://stackoverflow.com/jobs/368044
Machine Learning Engineer - AI Team,LanguageWire,"Frederiksberg, Denmark",https://stackoverflow.com/jobs/387384
Software Developer (m/f/d) Ruby on Rails,KWS Berlin GmbH,"Einbeck, Germany",https://stackoverflow.com/jobs/376801
Android Developer (Mindvalley App),Mindvalley,"Kuala Lumpur, Malaysia",https://stackoverflow.com/jobs/207393
即日スタート/C#/SQL/交通費支給 ICカード開発支援,株式会社エーティーエス,"Minato City, Japan",https://stackoverflow.com/jobs/387320
Senior Software Developer,Ascension,"Chicago, IL",https://stackoverflow.com/jobs/376570
2名募集 即日/交通費全額/次世代プラットホームの開発支援,株式会社エーティーエス,"Chiyoda City, Japan",https://stackoverflow.com/jobs/387316
"時給3,300円 C#/6月/ウェアラブル医療機器の開発",株式会社エーティーエス,"Tachikawa, Japan",https://stackoverflow.com/jobs/387314
"時給3,100円 即日~/Java/システムリプレース対応",株式会社エーティーエス,"Minato City, Japan",https://stackoverflow.com/jobs/387311
高時給 即日/Java/オンラインショッピングシステム開発,株式会社エーティーエス,"Minato City, Japan",https://stackoverflow.com/jobs/387309
"時給3,300円 6月/Java/パッケージソフト保守開発",株式会社エーティーエス,"Shibuya City, Japan",https://stackoverflow.com/jobs/387308
"時給3,500円 即日~長期/交通費全額/スマホアプリ開発",株式会社エーティーエス,"Shinjuku City, Japan",https://stackoverflow.com/jobs/387306
長期 交通費支給/通販コールセンター情報管理システム開発,株式会社エーティーエス,"Nagoya, Japan",https://stackoverflow.com/jobs/387299
長期/交通費支給 通販ECサイト改修のお仕事,株式会社エーティーエス,"Nagoya, Japan",https://stackoverflow.com/jobs/387298
"時給3,100円 即日/Python/営業支援システム開発",株式会社エーティーエス,"Minato City, Japan",https://stackoverflow.com/jobs/387257
PHP Developer (Yii / WordPress / AngularJs),GTCSYS,"Ahmedabad, India",https://stackoverflow.com/jobs/329793
PHP Developer Job,AxisTechnoLab,"Ahmedabad, India",https://stackoverflow.com/jobs/329739
PHP Developer,Data Cross Solution,"Ahmedabad, India",https://stackoverflow.com/jobs/329480
ユーザーサポート・ヘルプデスク,株式会社トラウム,"Nagaokakyo, Japan",https://stackoverflow.com/jobs/376736
インフラ構築業務,株式会社エーティーエス,"Kawasaki, Japan",https://stackoverflow.com/jobs/376726
システムエンジニア・プログラマー,株式会社千手Soft,"Chiba, Japan",https://stackoverflow.com/jobs/387241
アプリ開発・運用業務,株式会社エーティーエス,"Setagaya City, Japan",https://stackoverflow.com/jobs/364679
プログラマ,株式会社イマジカデジタルスケープ,"Yokohama, Japan",https://stackoverflow.com/jobs/367814
システム改修業務(VB.NET/C#),株式会社エーティーエス,"川崎市, Japan",https://stackoverflow.com/jobs/329390
建機向けIOTシステム開発,株式会社エーティーエス,"Osaka, Japan",https://stackoverflow.com/jobs/329260
Android Developer,YML,"Bengaluru, India",https://stackoverflow.com/jobs/367722
Game Programmer - Join a leading hypercasual studio and work on your own games!,kwalee Ltd,"Royal Leamington Spa, UK",https://stackoverflow.com/jobs/343770
Scala Backend Engineer,ZIVVER,"Amsterdam, Netherlands",https://stackoverflow.com/jobs/387193
Senior Software Developer,Ascension,"Chicago, IL",https://stackoverflow.com/jobs/376571
Chief Architect (Remote),Impala,No office location,https://stackoverflow.com/jobs/375334
Home-based C# Developer - UK based only,SalamanderSoft Ltd,No office location,https://stackoverflow.com/jobs/387184
Security Assurance Consultant,Peterson Technology Partners,"Jacksonville, FL",https://stackoverflow.com/jobs/376612
データ分析基盤の開発保守,株式会社エーティーエス,"Oita, Japan",https://stackoverflow.com/jobs/376462
iOSネイティブアプリ開発,株式会社エーティーエス,"Osaka, Japan",https://stackoverflow.com/jobs/376417
フロントエンドエンジニア,株式会社イマジカデジタルスケープ,"Shinjuku City, Japan",https://stackoverflow.com/jobs/355992
PHP Developer,Admodes Limited,"Noida, India",https://stackoverflow.com/jobs/374015
ERPパッケージ開発,株式会社エーティーエス,"Minato City, Japan",https://stackoverflow.com/jobs/376365
百貨店向け伝票電子化対応,株式会社エーティーエス,"Chuo City, Japan",https://stackoverflow.com/jobs/376359
Web開発技術者募集,株式会社エーティーエス,"Osaka, Japan",https://stackoverflow.com/jobs/376353
ITエンジニア,株式会社with,"Shibuya City, Japan",https://stackoverflow.com/jobs/376318
SNSを活用したマーケティングシステムの導入プロジェクトマネージャー,株式会社アドミック,"Osaka, Japan",https://stackoverflow.com/jobs/382952
6月開始 大手/交通費全額支給/求人サイト開発(Java),株式会社エーティーエス,"Oita, Japan",https://stackoverflow.com/jobs/387039
PHP Web Developer,RajYug IT Solutions Pvt Ltd,"Pune, India",https://stackoverflow.com/jobs/371916
Javaプログラマー,株式会社エーティーエス,"Nagoya, Japan",https://stackoverflow.com/jobs/376239
Androidエンジニア,株式会社エーティーエス,"Shibuya City, Japan",https://stackoverflow.com/jobs/376232
ファイルサーバのテスト業務,株式会社エーティーエス,"Yokohama, Japan",https://stackoverflow.com/jobs/376192
ビックデータ関連サービス開発,株式会社エーティーエス,"Nagoya, Japan",https://stackoverflow.com/jobs/376117
Web系システム開発(Ruby),株式会社エーティーエス,"Osaka, Japan",https://stackoverflow.com/jobs/376114
機械設計オペレーター,株式会社プロサポート,"Nagoya, Japan",https://stackoverflow.com/jobs/387022
PCオペレーター,株式会社プロサポート,"Nagoya, Japan",https://stackoverflow.com/jobs/387019
Webポータルサイト開発,株式会社エーティーエス,"Chuo City, Japan",https://stackoverflow.com/jobs/376055
バックエンドエンジニア募集,株式会社エーティーエス,"Kobe, Japan",https://stackoverflow.com/jobs/376049
開発案件におけるPM業務,株式会社エーティーエス,"Osaka, Japan",https://stackoverflow.com/jobs/376028
会計管理システムの開発,株式会社エーティーエス,"Setagaya City, Japan",https://stackoverflow.com/jobs/376017
オーケストレータシステム開発,株式会社エーティーエス,"Shinagawa City, Japan",https://stackoverflow.com/jobs/376001
Senior Java Developer,Ascension,"St. Louis, MO",https://stackoverflow.com/jobs/354461
C#エンジニア募集,株式会社エーティーエス,"Chiyoda City, Japan",https://stackoverflow.com/jobs/375970
上流工程が中心のお仕事となります,株式会社エーティーエス,"大阪市, Japan",https://stackoverflow.com/jobs/375956
ネットバンク勘定系システム更改,株式会社エーティーエス,"Kawasaki, Japan",https://stackoverflow.com/jobs/375912
テストの自動化業務,株式会社エーティーエス,"Minato City, Japan",https://stackoverflow.com/jobs/375900
プレイングマネージャー,株式会社エーティーエス,"Minato City, Japan",https://stackoverflow.com/jobs/375804
インターフェース更改支援,株式会社エーティーエス,"Minato City, Japan",https://stackoverflow.com/jobs/375774
総合テスト支援業務(Java),株式会社エーティーエス,"Shinjuku City, Japan",https://stackoverflow.com/jobs/375764
Androidアプリ開発業務,株式会社エーティーエス,"Osaka, Japan",https://stackoverflow.com/jobs/375749
デジタルカタログ関連アプリ開発,株式会社エーティーエス,"Osaka, Japan",https://stackoverflow.com/jobs/375743
PHPエンジニア募集,株式会社エーティーエス,"大阪市, Japan",https://stackoverflow.com/jobs/375709
ビックデータ基盤システム開発,株式会社エーティーエス,"Minato City, Japan",https://stackoverflow.com/jobs/375700
製造業向けWebシステム開発,株式会社エーティーエス,"Kobe, Japan",https://stackoverflow.com/jobs/375619
給与・人事系システムの改修,株式会社エーティーエス,"Kobe, Japan",https://stackoverflow.com/jobs/375612
Software Dev Manager,Amazon Web Services,"Seattle, WA",https://stackoverflow.com/jobs/381924
Software Development Engineer,Amazon Web Services,"Seattle, WA",https://stackoverflow.com/jobs/386883
Software Development Engineer,Amazon Web Services,"Seattle, WA",https://stackoverflow.com/jobs/386882
Software Development Engineer,Amazon Web Services,"Seattle, WA",https://stackoverflow.com/jobs/386881
Senior Full-Stack Developer Javascript (m/f/d),e-bot7 GmbH,"München, Germany",https://stackoverflow.com/jobs/375390
Python Engineer (m/f/d),e-bot7 GmbH,"München, Germany",https://stackoverflow.com/jobs/375389
Technical Blogger,Hit Subscribe,No office location,https://stackoverflow.com/jobs/375372
"Craftsmanship Focused / Test Loving Full Stack Web Dev - Python, React, SQL",Level 12,"Louisville, KY",https://stackoverflow.com/jobs/207146
Lead Cloud Operations Engineer,Lime,"Lund, Sweden",https://stackoverflow.com/jobs/375369
Big Data Analyst / Data Scientist (m/f/d),umlaut,"Aachen, Deutschland",https://stackoverflow.com/jobs/375332
官公庁向けクラウド基盤構築,株式会社エーティーエス,"Osaka, Japan",https://stackoverflow.com/jobs/386687
2名募集 即日/Java/貸金サービス構築展開プロジェクト,株式会社エーティーエス,"Minato City, Japan",https://stackoverflow.com/jobs/386683
【未経験歓迎】研修3か月ありで安心して成長できるITエンジニア(プログラマ),株式会社Solution Hack,"Minato City, Japan",https://stackoverflow.com/jobs/386668
コーダー,株式会社イマジカデジタルスケープ,"Osaka, Japan",https://stackoverflow.com/jobs/345773
3名募集 即日 交通費全額/通信系システム開発(Java),株式会社エーティーエス,"Yokohama, Japan",https://stackoverflow.com/jobs/386599
ソーシャルサービスの開発,株式会社エーティーエス,"Setagaya City, Japan",https://stackoverflow.com/jobs/343328
車載電装品の先行開発,株式会社エーティーエス,"Tsurugashima-shi, Japan",https://stackoverflow.com/jobs/343304
Windowsのアプリ開発(C#),株式会社エーティーエス,"Kawasaki, Japan",https://stackoverflow.com/jobs/317361
Webアプリケーション開発,株式会社エーティーエス,"Kyoto, Japan",https://stackoverflow.com/jobs/354050
Jr. PHP Developer,Twin Labs,"Chandigarh, India",https://stackoverflow.com/jobs/386567
Technical Consultant,Assa Abloy,"Bengaluru, India",https://stackoverflow.com/jobs/331425
Software Developer,Star CRM,"Bengaluru, India",https://stackoverflow.com/jobs/386556
PHP / MySQL Developer,Online Voip Solutions,"Ahmedabad, India",https://stackoverflow.com/jobs/329702
ネットバンキングシステム構築,株式会社エーティーエス,"Kawasaki, Japan",https://stackoverflow.com/jobs/361893
ミドルウェア製品サポート,株式会社エーティーエス,"Kawasaki, Japan",https://stackoverflow.com/jobs/367350
Seeking Founding Level CTO - React/Node/ReactNative/Swift/Kotlin/Realtime/DSP,Rekordio,No office location,https://stackoverflow.com/jobs/372213
Tech Lead FS - NodeJs / React / RN Developer Required for Realtime Application,Rekordio,No office location,https://stackoverflow.com/jobs/371868
Business Analyst,"Vertex Computer Systems, Inc.","Charlotte, NC",https://stackoverflow.com/jobs/353786
プロジェクトリーダー業務,株式会社エーティーエス,"Osaka, Japan",https://stackoverflow.com/jobs/353494
電力サーバ改善のお仕事,株式会社エーティーエス,"Osaka, Japan",https://stackoverflow.com/jobs/353489
図面管理システムの保守運用,株式会社エーティーエス,"Kobe, Japan",https://stackoverflow.com/jobs/353480
Excellent opportunity for Software Developer Profile,DirectUs Hr Services,"Mumbai, India",https://stackoverflow.com/jobs/386422
Senior php Web Developer,THINK TECHNOLOGY SERVICES,"Mumbai, India",https://stackoverflow.com/jobs/338679
Quality Assurance Developer,IBKR,"Mumbai, India",https://stackoverflow.com/jobs/386387
Website Developer,Sai Sparsh,"Thane, India",https://stackoverflow.com/jobs/386384
Linux Cloud Support Engineer - remote - APAC hours and covering week-ends,Platform.sh,No office location,https://stackoverflow.com/jobs/253330
Senior Software Developer,Ascension,"Chicago, IL",https://stackoverflow.com/jobs/386134
高時給 2名/英語スキル/メッセージ配信システム設計・開発,株式会社エーティーエス,"Setagaya City, Japan",https://stackoverflow.com/jobs/386309
アナリスト(データストラテジスト) / インターネット/Webサービス・ASP,株式会社 エクスペリエンス,"Osaka, Japan",https://stackoverflow.com/jobs/310659
税務相談業務システム開発プログラマ,株式会社シティキャリアサービス,"Fukuoka, Japan",https://stackoverflow.com/jobs/386274
SRE(研究開発チーム) / インターネット/Webサービス・ASP,株式会社 LegalForce,"Chiyoda City, Japan",https://stackoverflow.com/jobs/335752
Rubyエンジニア(研究開発チーム) / インターネット/Webサービス・ASP,株式会社 LegalForce,"Chiyoda City, Japan",https://stackoverflow.com/jobs/336265
即日/交通費支給/Python/ツール開発支援業務,株式会社エーティーエス,"Suginami City, Japan",https://stackoverflow.com/jobs/386243
Webデザイナー・HTMLコーダー[兼務],株式会社オールドオフィス,"Kobe, Japan",https://stackoverflow.com/jobs/376345
初級エンジニア / システムインテグレータ・ソフトハウス,株式会社 ディ・アイ・システム,"Nakano City, Japan",https://stackoverflow.com/jobs/379767
SDNクラウドサービス開発システムエンジニア・プログラマ,株式会社シティキャリアサービス,"Fukuoka, Japan",https://stackoverflow.com/jobs/386171
Software Engineer,Ascension,"Chicago, IL",https://stackoverflow.com/jobs/386133
グループ会社を支える社内PG(年間休日123日の土日祝休み・株式会社ゲオホールディングス),スミリンビジネスサービス株式会社,"Nagoya, Japan",https://stackoverflow.com/jobs/352943
"時給3,900円 交通費全額支給 iOSアプリ開発業務",株式会社エーティーエス,"Chuo City, Japan",https://stackoverflow.com/jobs/385988
総合医療システムエンジニア(社内SE),上尾中央医科グループ(AMG) 白岡中央総合病院,"Shiraoka, Japan",https://stackoverflow.com/jobs/385885
基幹システムの刷新業務,株式会社エーティーエス,"Osaka, Japan",https://stackoverflow.com/jobs/385818
コーダー,株式会社イマジカデジタルスケープ,"Kobe, Japan",https://stackoverflow.com/jobs/380963
売上管理システムの開発(PHP),株式会社エーティーエス,"Oita, Japan",https://stackoverflow.com/jobs/366359
.Net FullStack Developer,Pride Technologies India,"Mumbai, India",https://stackoverflow.com/jobs/385468
システム開発,マンパワーグループ株式会社,"Osaka, Japan",https://stackoverflow.com/jobs/366306
PHP Developer,Placement Planet,"Ahmedabad, India",https://stackoverflow.com/jobs/385417
Product Engineer (Backend) - Python,Egnify Technologies,"Hyderabad, India",https://stackoverflow.com/jobs/352863
Salesforce Developer,Mirketa,"Noida, India",https://stackoverflow.com/jobs/342721
Java Developer,Mirketa,"Noida, India",https://stackoverflow.com/jobs/342720
Senior PHP Web Developer,Aarna IT Solutions Pvt. Ltd.,"Kolkata, India",https://stackoverflow.com/jobs/327070
"PHP Developer - Kolkata, India",ZINFI SOFTWARE SYSTEMS,"Kolkata, India",https://stackoverflow.com/jobs/326981
UI & UX Developer,Religate Technologies,"Hyderabad, India",https://stackoverflow.com/jobs/326694
PHP Developer (Sec-10 Faridabad),Manav Management Group,"Faridabad, India",https://stackoverflow.com/jobs/326520
PHP Developer,Broadway Infotech,"Noida, India",https://stackoverflow.com/jobs/326357
Php Developer,IT Craftsmen Pvt,"Noida, India",https://stackoverflow.com/jobs/326353
Php Developer,AD Worldwide-Tech,"Noida, India",https://stackoverflow.com/jobs/326352
PHP Developer,Think Biz Solutions,"Noida, India",https://stackoverflow.com/jobs/326295
PHP Developer,Alliance Web Solution,"Noida, India",https://stackoverflow.com/jobs/326285
PHP Developer,DevSwifter Technologies,"Surat, India",https://stackoverflow.com/jobs/326027
PHP Developers,Pnestec Systems,"Indore, India",https://stackoverflow.com/jobs/325687
PHP Developer,Galaxy Weblinks,"Indore, India",https://stackoverflow.com/jobs/325622
PHP Developer,Ink Graph Techno,"Indore, India",https://stackoverflow.com/jobs/325594
Java Developers x 2,Vitrana,"Bengaluru, India",https://stackoverflow.com/jobs/325014
PHP Developer,MatrikaSoftware,"Bengaluru, India",https://stackoverflow.com/jobs/324679
PHP Developer,DREAM & MAGIC MEDIA,"Bengaluru, India",https://stackoverflow.com/jobs/324630
PHP Developer,Bangalore Base Company,"Bengaluru, India",https://stackoverflow.com/jobs/324570
PHP/Magento Developer (Ecommerce Specialist),Latlon Technologies,"Coimbatore, India",https://stackoverflow.com/jobs/324359
Wordpress Developer,Aves Infotech,"Kochi, India",https://stackoverflow.com/jobs/323977
Urgently Required PHP Developer,Aiderpro Technologies,"Kochi, India",https://stackoverflow.com/jobs/323909
PHP Developer,BC Web Wise,"Mumbai, India",https://stackoverflow.com/jobs/323706
Web Developer,Pixelstat eSolutions Development,"Hyderabad, India",https://stackoverflow.com/jobs/323544
Front End Web Developer,iTumm India,"Secunderabad, India",https://stackoverflow.com/jobs/323536
PHP Developer,Vgyan IT Services,"Hyderabad, India",https://stackoverflow.com/jobs/323462
PHP Developer,Dotbits,"Hyderabad, India",https://stackoverflow.com/jobs/323457
"WEB DEVELOPERS, WEB DESIGNER, BUSINESS SUPPORT EXECUTIVES, TELECALLERS, MARKETING",Milestone Consulting Group,"Lucknow, India",https://stackoverflow.com/jobs/322898
C/C++ Windows Developers (1-4 years),Vedams Software Solutions India,"Hyderabad, India",https://stackoverflow.com/jobs/322816
Scrum Master,Ascension,"Austin, TX",https://stackoverflow.com/jobs/365647
CMS (Drupal/WordPress/Joomla/Magento) Developer,iPowerFour,"Hyderabad, India",https://stackoverflow.com/jobs/322807
CONTENT MARKETING MANAGER,Flintobox,"Chennai, India",https://stackoverflow.com/jobs/322626
Dot Net Developer,YAN IT Solutions,"Pune, India",https://stackoverflow.com/jobs/322483
"Project Manager, Global Data Center Connectivity",Facebook,"Prineville, OR",https://stackoverflow.com/jobs/370836
"Senior Full Stack Software Engineer (Typescript, Node.js, React, AWS)",H4,"London, UK",https://stackoverflow.com/jobs/304003
"Senior Full Stack Software Engineer (Typescript, Node.js, React, AWS)",H4,"Skopje, North Macedonia",https://stackoverflow.com/jobs/304006
Web店舗向けサービス機能開発,株式会社エーティーエス,"Setagaya City, Japan",https://stackoverflow.com/jobs/365881
Wordpress Developer,Expinator Web Technology,"Sahibzada Ajit Singh Nagar, India",https://stackoverflow.com/jobs/385383
Software Engineer (PHP),Medicosa,"Noida, India",https://stackoverflow.com/jobs/326415
市役所駅|オープン系システムエンジニア(SE PG)未経験者歓迎 |その他のシステム開発(オープン WEB系)関連職,株式会社FERNET 名古屋事業所,"Nagoya, Japan",https://stackoverflow.com/jobs/385271
Backend Developer,Shiras HR Advisory & Services,"Bengaluru, India",https://stackoverflow.com/jobs/374692
医療機器メーカー向けアプリ開発,株式会社エーティーエス,"蒲郡市, Japan",https://stackoverflow.com/jobs/321910
Software Development Manager,Ascension,"Austin, TX",https://stackoverflow.com/jobs/365655
Software Engineer/Architect,Daugherty Business Solutions,"Minneapolis, MN",https://stackoverflow.com/jobs/242494
Frontend Developer - React/JavaScript,Tivix,"Wrocław, Poland",https://stackoverflow.com/jobs/342302
"Director, Product Management",Audible,"Newark, NJ",https://stackoverflow.com/jobs/374563
PHP Developers,Gavin Technologies,"Bengaluru, India",https://stackoverflow.com/jobs/385146
Senior PHP (Laravel) Developer in Hyderabad,smart4talent,"Hyderabad, India",https://stackoverflow.com/jobs/370321
ミドル部品・既存部品の開発,株式会社エーティーエス,"Yokohama, Japan",https://stackoverflow.com/jobs/361892
Magento Developer,WebIndia Inc.,"Ahmedabad, India",https://stackoverflow.com/jobs/385085
"Sr. PHP Developer - IT Company - Ahmedabad, Gandhinagar",Prime Placement & Manpower Services,"Ahmedabad, India",https://stackoverflow.com/jobs/385082
博多駅|システムエンジニア独学OK 未経験者歓迎 年間休日120日以上 退職金制度あり 家族手当あり|データベース設計 構築 運用 保守(汎用機 制御系),株式会社システック井上 福岡営業所,"Fukuoka, Japan",https://stackoverflow.com/jobs/385031
年金機構向けライブラリアン(PMO),株式会社エーティーエス,"Suginami City, Japan",https://stackoverflow.com/jobs/385008
カタログプラットフォーム開発,株式会社エーティーエス,"Setagaya City, Japan",https://stackoverflow.com/jobs/385007
Javascript Developer (Vue.js / Node.js),Lucky Orange LLC,"Overland Park, KS",https://stackoverflow.com/jobs/374387
AWS設計・構築支援業務,株式会社エーティーエス,"Shibuya City, Japan",https://stackoverflow.com/jobs/378688
"時給3,500円 2名/即日/交通費/リファクタリング業務",株式会社エーティーエス,"Minato City, Japan",https://stackoverflow.com/jobs/384956
"時給3,000円 golang/バックエンドエンジニア",株式会社エーティーエス,"Minato City, Japan",https://stackoverflow.com/jobs/384879
UI (Front-end) Developer,zoojoo.be,"Bengaluru, India",https://stackoverflow.com/jobs/352213
Software Architect,Ascension,"Austin, TX",https://stackoverflow.com/jobs/351942
受発注システム開発業務(PG),株式会社エーティーエス,"Osaka, Japan",https://stackoverflow.com/jobs/384676
高時給 英語/交通費/Webアプリエンジニア(PHP),株式会社エーティーエス,"Setagaya City, Japan",https://stackoverflow.com/jobs/384671
Salesforce開発業務,株式会社エーティーエス,"Shibuya City, Japan",https://stackoverflow.com/jobs/378630
コーダー,株式会社イマジカデジタルスケープ,"Shinjuku City, Japan",https://stackoverflow.com/jobs/384628
高時給 即日or6月/Java/移動体5GCシステム開発,株式会社エーティーエス,"Kawasaki, Japan",https://stackoverflow.com/jobs/384613
即日~長期/交通費/COBOL/料金・契約システムの再構築,株式会社エーティーエス,"Shibuya City, Japan",https://stackoverflow.com/jobs/384599
販売管理システム機能追加開発(Java),株式会社エーティーエス,"Nagoya, Japan",https://stackoverflow.com/jobs/341489
フロントエンドエンジニア,株式会社エーティーエス,"Osaka, Japan",https://stackoverflow.com/jobs/362381
WordPress Developer,ChromeInfotech,"Noida, India",https://stackoverflow.com/jobs/384525
Magento CORE PHP Developer,Aroham Technologies,"Ghaziabad, India",https://stackoverflow.com/jobs/344500
Sr. PHP Developer (2-4 years),forstaffing india,"Noida, India",https://stackoverflow.com/jobs/384511
Deployment Engineer,Paycom,"Oklahoma City, OK",https://stackoverflow.com/jobs/384457
Tech Lead for Java system development (f/m/d),Zühlke Engineering GmbH,"München, Deutschland",https://stackoverflow.com/jobs/384423
"Senior Consultant, Credit Modeler",FI Consulting,"Arlington, VA",https://stackoverflow.com/jobs/285271
Junior Integratie Specialist,ChipSoft,"Amsterdam, Netherlands",https://stackoverflow.com/jobs/374033
WordPress Developer,NeoRobos,"New Delhi, India",https://stackoverflow.com/jobs/384321
社員登用 土日休:IT事務・システムエンジニア/SE,株式会社ワールド避雷針工業,"Chiyoda City, Japan",https://stackoverflow.com/jobs/340786
データマイニングエンジニア,株式会社イマジカデジタルスケープ,"Minato City, Japan",https://stackoverflow.com/jobs/316544
ロジック開発業務,株式会社エーティーエス,"Chuo City, Japan",https://stackoverflow.com/jobs/351528
Software Developer (Full-Stack),Ascension,"St. Louis, MO",https://stackoverflow.com/jobs/373870
開発エンジニア/SE/PG,キャレット合同会社,"Shinjuku City, Japan",https://stackoverflow.com/jobs/364683
フロントエンドエンジニア,株式会社ステークホルダーコム,"大阪市, Japan",https://stackoverflow.com/jobs/332034
化粧品メーカーで社内SE/年500万~/残業ほぼなし,株式会社ディンプル,"Osaka, Japan",https://stackoverflow.com/jobs/340632
グラフィック・WEBアートディレクター,株式会社 新広社,"Osaka, Japan",https://stackoverflow.com/jobs/340414
車両走行情報を活用したツール開発,株式会社エーティーエス,"Nagoya, Japan",https://stackoverflow.com/jobs/340327
"時給3,600円 即日~/ECアプリ開発(Android)",株式会社エーティーエス,"Ogawa, Japan",https://stackoverflow.com/jobs/384242
6月 交通費 WinActor/RPAロボット開発・保守,株式会社エーティーエス,"Osaka, Japan",https://stackoverflow.com/jobs/384203
エンジニアプログラマー,株式会社Growship,"Shibuya City, Japan",https://stackoverflow.com/jobs/384190
Senior Java Developer,Vitrana,"Bengaluru, India",https://stackoverflow.com/jobs/340114
"Scala Developer To Work on Articles (remote, part-time)",Baeldung,No office location,https://stackoverflow.com/jobs/350887
Software Developer (Full-Stack),Ascension,"St. Louis, MO",https://stackoverflow.com/jobs/373869
"Senior Security Engineer, Infrastructure",N26,"New York, NY",https://stackoverflow.com/jobs/351326
"Software Development Manager, RDS PostgreSQL",Amazon Web Services,"East Palo Alto, CA",https://stackoverflow.com/jobs/383909
Head of Product Marketing,FINBOURNE Technology,"London, UK",https://stackoverflow.com/jobs/383835
C# .NET backend - webdeveloper,Tritac Systems B.V.,"Leiden, Netherlands",https://stackoverflow.com/jobs/383832
ITエンジニア(宮崎),株式会社オロ,"Miyazaki, Japan",https://stackoverflow.com/jobs/364409
PHP Developers,Umenit,"Noida, India",https://stackoverflow.com/jobs/383775
PHP DEVELOPER,SSNVentures,"Noida, India",https://stackoverflow.com/jobs/326360
Java Developer (0-1yrs),Ieverware,"Hyderabad, India",https://stackoverflow.com/jobs/373774
基幹システム開発/Java,株式会社エーティーエス,"Osaka, Japan",https://stackoverflow.com/jobs/309769
システム開発,マンパワーグループ株式会社,"Kawasaki, Japan",https://stackoverflow.com/jobs/383694
"時給3,100円 即日 Java/会員サイトリニューアル",株式会社エーティーエス,"Shinjuku City, Japan",https://stackoverflow.com/jobs/383677
コーダー,アイテック阪急阪神株式会社,"Osaka, Japan",https://stackoverflow.com/jobs/383182
Quality Engineer - NYC (Mobile & Automation),N26,"New York, NY",https://stackoverflow.com/jobs/350901
AWS Architect / Consultant: Flexible hours & remote work (UK only),The Scale Factory,"London, UK",https://stackoverflow.com/jobs/121655
Working Student / Intern in Web Development (m/f/d),sgalinski,No office location,https://stackoverflow.com/jobs/283034
TYPO3 Web Developer (m/f/d),sgalinski,No office location,https://stackoverflow.com/jobs/283033
Software Quality Assurance Analyst,ProcessUnity,"Concord, MA",https://stackoverflow.com/jobs/304336
Senior Business Systems Analyst,vaēso,"Miami, FL",https://stackoverflow.com/jobs/290933
ERP Integration Leader,vaēso,"Chennai, India",https://stackoverflow.com/jobs/351791
Quality-Conscious PHP Developer in an Agile Company (m/f/d),sgalinski,No office location,https://stackoverflow.com/jobs/283029
Frontend Engineer with an Eye for Quality (m/f/d),sgalinski,No office location,https://stackoverflow.com/jobs/283027
Lead Frontend Engineer,Web Summit,"Dublin, Ireland",https://stackoverflow.com/jobs/289346
Senior Software Engineer (Remote),Web Summit,"Dublin, Ireland",https://stackoverflow.com/jobs/162807
QA Automation Engineer - Backend,Payconiq,"Amsterdam, Netherlands",https://stackoverflow.com/jobs/350751
Software Development Engineer (f/m) 100%,Ziemer Ophthalmic Systems AG,"Port, Switzerland",https://stackoverflow.com/jobs/268727
Android Developer Telia,Telia Company,"Göteborg, Sweden",https://stackoverflow.com/jobs/383529
Senior iOS Developer,Digia,"Tampere, Finland",https://stackoverflow.com/jobs/383520
Senior iOS Developer,Digia,"Helsinki, Finland",https://stackoverflow.com/jobs/383519
DevOps Engineer (AWS & Linux),TechChefs Software,"Bengaluru, India",https://stackoverflow.com/jobs/338873
Java,トライアロー株式会社,"Sendai, Japan",https://stackoverflow.com/jobs/363848
Web Developer,TechUnity Softwawre Systems,"Coimbatore, India",https://stackoverflow.com/jobs/372908
営業支援システム開発,株式会社エーティーエス,"Itami, Japan",https://stackoverflow.com/jobs/338829
製造業向けパッケージ改修(Java),株式会社エーティーエス,"Akashi, Japan",https://stackoverflow.com/jobs/338828
"高時給3,200円 即日/交通費支給/プラットフォーム開発",株式会社エーティーエス,"Setagaya City, Japan",https://stackoverflow.com/jobs/383362
Webデザイナー,株式会社イマジカデジタルスケープ,"Nagoya, Japan",https://stackoverflow.com/jobs/383339
Webプログラマ,株式会社イマジカデジタルスケープ,"Osaka, Japan",https://stackoverflow.com/jobs/383309
Experienced Php Developer,Webkeon Technologies,"New Delhi, India",https://stackoverflow.com/jobs/339999
Senior Software Engineer,Ascension,"Chicago, IL",https://stackoverflow.com/jobs/350483
Integration Developer - .Net,Orchard Marketing,"Pyrmont, Australia",https://stackoverflow.com/jobs/362979
クラウド基盤の環境構築,株式会社エーティーエス,"Minato City, Japan",https://stackoverflow.com/jobs/319469
ネットワーク品質管理 (ソフトウェア開発会社),株式会社スタッフサービス,"Kagoshima, Japan",https://stackoverflow.com/jobs/319206
列車無線制御システム開発,株式会社エーティーエス,"尼崎市, Japan",https://stackoverflow.com/jobs/318953
フロントエンジニア募集,株式会社エーティーエス,"Setagaya City, Japan",https://stackoverflow.com/jobs/318676
アプリ開発・運用・改善,株式会社エーティーエス,"Setagaya City, Japan",https://stackoverflow.com/jobs/318644
Webアプリ開発(Ruby),株式会社エーティーエス,"Shibuya City, Japan",https://stackoverflow.com/jobs/318254
SI企業が使用する物件管理システム開発,株式会社エーティーエス,"Nagoya, Japan",https://stackoverflow.com/jobs/317713
道路情報サーバアプリ開発,株式会社エーティーエス,"Nagoya, Japan",https://stackoverflow.com/jobs/317711
モバイルアプリエンジニア(Android),株式会社エーティーエス,"Shibuya City, Japan",https://stackoverflow.com/jobs/317159
視聴データ集計システム保守業務,株式会社エーティーエス,"Nishitokyo, Japan",https://stackoverflow.com/jobs/316906
オープンエントリー エンジニア職,株式会社エーティーエス,"Shibuya City, Japan",https://stackoverflow.com/jobs/309998
プロジェクトマネージャー,株式会社イマジカデジタルスケープ,"Shibuya City, Japan",https://stackoverflow.com/jobs/383225
SE,株式会社KDDIｳｪﾌﾞｺﾐｭﾆｹｰｼｮﾝｽﾞ,"Minato City, Japan",https://stackoverflow.com/jobs/383220
Webディレクター,アイテック阪急阪神株式会社,"Osaka, Japan",https://stackoverflow.com/jobs/383189
SE,株式会社イマジカデジタルスケープ,"Osaka, Japan",https://stackoverflow.com/jobs/383187
システム開発(PHP),株式会社エーティーエス,"Osaka, Japan",https://stackoverflow.com/jobs/333540
Wordpress Developer,DirectUs Hr Services,"Mumbai, India",https://stackoverflow.com/jobs/383168
ツール運用・開発業務,株式会社エーティーエス,"Osaka, Japan",https://stackoverflow.com/jobs/363292
"Linux Developer To Work on Articles (remote, part-time)",Baeldung,No office location,https://stackoverflow.com/jobs/383015
Senior Java Developer (Amazon SaaS),Sellics Marketplace Analytics,"Berlin, Deutschland",https://stackoverflow.com/jobs/363061
Senior Front End Developer,Orchard Marketing,"Pyrmont, Australia",https://stackoverflow.com/jobs/362978
PHP Developer,2Hats Logic Solutions,"Kochi, India",https://stackoverflow.com/jobs/373095
インターネットバンキング機能追加,株式会社エーティーエス,"Chuo City, Japan",https://stackoverflow.com/jobs/343194
淀屋橋/長期/随時募集/PM・SE経験の技術者募集,株式会社エーティーエス,"Osaka, Japan",https://stackoverflow.com/jobs/382937
Software Engineer/ Architect,Daugherty Business Solutions,"Creve Coeur, MO",https://stackoverflow.com/jobs/382530
WEBアソシエイトアートディレクターアートディレクター関西勤務あらゆる媒体のクリエイティブを創出しています,株式会社プロフェッショナルメディア,"Osaka, Japan",https://stackoverflow.com/jobs/340517
流通向け店舗システム開発,株式会社エーティーエス,"Yokohama, Japan",https://stackoverflow.com/jobs/382923
マーケティングサービス開発,株式会社エーティーエス,"Shibuya City, Japan",https://stackoverflow.com/jobs/349697
Senior PHP Developer,WHITEFONT TECHNOLOGIES,"Chennai, India",https://stackoverflow.com/jobs/382848
Data Engineer,NAVIS,"Bend, OR",https://stackoverflow.com/jobs/362699
PHP Developer (Wordpress),Faspin Technologies Pvt. Ltd.,"Sahibzada Ajit Singh Nagar, India",https://stackoverflow.com/jobs/382722
サーバ/NWエンジニア,株式会社エーティーエス,"Kyoto, Japan",https://stackoverflow.com/jobs/337958
プロジェクトマネージャーのお仕事,株式会社エーティーエス,"Saitama, Japan",https://stackoverflow.com/jobs/337957
"時給3,200円 週3日~相談可 サーバーサイドエンジニア",株式会社エーティーエス,"Chuo City, Japan",https://stackoverflow.com/jobs/382637
【インターンシップ】 デザイナー,シクロマーケティング株式会社,"Chiyoda City, Japan",https://stackoverflow.com/jobs/382627
自社サービスの開発,株式会社エーティーエス,"Minato City, Japan",https://stackoverflow.com/jobs/349533
Watson開発(PL),株式会社エーティーエス,"Shinjuku City, Japan",https://stackoverflow.com/jobs/349525
【インターンシップ】ゲーム IT/ソフトウェア,株式会社Donuts,"Kyoto, Japan",https://stackoverflow.com/jobs/346719
データ調査・分析業務,株式会社エーティーエス,"Setagaya City, Japan",https://stackoverflow.com/jobs/320237
"Senior Backend Developer / Architect - PHP, MySQL, Java, C (f/m/d)",AddApptr GmbH,"Hamburg, Germany",https://stackoverflow.com/jobs/271968
System- and Database-Administrator (f/m/d),AddApptr GmbH,"Hamburg, Germany",https://stackoverflow.com/jobs/272132
試験項目選定システムのWeb化業務,株式会社エーティーエス,"Chuo City, Japan",https://stackoverflow.com/jobs/382380
運輸企業でのIT基盤アーキテクト,株式会社エーティーエス,"Chuo City, Japan",https://stackoverflow.com/jobs/312196
サーバ保守・オペレーション,株式会社エーティーエス,"Kobe, Japan",https://stackoverflow.com/jobs/382344
Webプログラマ,株式会社イマジカデジタルスケープ,"Osaka, Japan",https://stackoverflow.com/jobs/315438
PHP Developer,Zoom Infotech,"Chandigarh, India",https://stackoverflow.com/jobs/349309
販売管理パッケージ開発,株式会社エーティーエス,"Kobe, Japan",https://stackoverflow.com/jobs/349070
"Frontend engineer to fight Parkinson's, OCD, pain, depression, Epilepsy",Rune Labs,"San Francisco, CA",https://stackoverflow.com/jobs/382292
Senior Fullstack Web Developer,Sellics Marketplace Analytics,"Berlin, Germany",https://stackoverflow.com/jobs/353244
Senior PHP software developer,Senet,"Eindhoven, Netherlands",https://stackoverflow.com/jobs/370738
Medior software developer in het team Cloud Services,Avisi B.V.,"Arnhem, Netherlands",https://stackoverflow.com/jobs/372489
PHP Developer Trainee,AxisTechnoLab,"Ahmedabad, India",https://stackoverflow.com/jobs/329706
PHP Wordpress Developer,Rudr Consultancy Services,"Ahmedabad, India",https://stackoverflow.com/jobs/382186
大手ソーシャルゲーム会社【ゲームその他】,株式会社イマジカデジタルスケープ,"Shibuya City, Japan",https://stackoverflow.com/jobs/344191
即日スタート/10時始業/交通費 システム・ECサイト開発,株式会社エーティーエス,"Osaka, Japan",https://stackoverflow.com/jobs/382114
6月開始 交通費/大手/放送局向け送出システム開発(C#),株式会社エーティーエス,"Fujisawa, Japan",https://stackoverflow.com/jobs/382076
PHP Developer,Trillion IT Services,"Hyderabad, India",https://stackoverflow.com/jobs/323463
PHP/Drupal Developer (1-5yrs),Ieverware,"Hyderabad, India",https://stackoverflow.com/jobs/370319
"Manager, Software Development (Personalization)",Audible,"Newark, NJ",https://stackoverflow.com/jobs/381725
Ausbildung Fachinformatiker/in für Anwendungsentwicklung 2020 [m/w/d],aicovo gmbh,"Rosenheim, Deutschland",https://stackoverflow.com/jobs/381697
フロントエンド開発,株式会社エーティーエス,"Minato City, Japan",https://stackoverflow.com/jobs/377960
Webエンジニア,株式会社イマジカデジタルスケープ,"Osaka, Japan",https://stackoverflow.com/jobs/381594
即日開始/交通費支給/C言語/車両向けインターフェース開発,株式会社エーティーエス,"Kobe, Japan",https://stackoverflow.com/jobs/381554
PHP Developer,Dow Technologies and Systems,"Chennai, India",https://stackoverflow.com/jobs/381468
"Backend engineer to fight Parkinson's, OCD, pain, depression, Epilepsy",Rune Labs,"San Francisco, CA",https://stackoverflow.com/jobs/381413
Senior Android Developer - NYC Team (100% Kotlin),N26,"New York, NY",https://stackoverflow.com/jobs/348002
Software Developer (m/f/i) with a Focus on Automated CT Inspection,Volume Graphics GmbH,"Heidelberg, Germany",https://stackoverflow.com/jobs/270152
Senior Full Stack / Java Developer,Topic Embedded Systems B.V.,"Eindhoven, Netherlands",https://stackoverflow.com/jobs/335807
基幹システムのコンバージョン,株式会社エーティーエス,"Ota City, Japan",https://stackoverflow.com/jobs/381264
Javaエンジニア/スマホエンジニア/インフラエンジニア,株式会社ロコンド,"Shibuya City, Japan",https://stackoverflow.com/jobs/381223
各サービスのエンジニア募集,株式会社エーティーエス,"Minato City, Japan",https://stackoverflow.com/jobs/347831
Senior Ruby Developer,Managed Platform,"Surry Hills, Australia",https://stackoverflow.com/jobs/347797
WordPress Developer,IMarks,"Hyderabad, India",https://stackoverflow.com/jobs/372081
PHP Developers,Vesture Softech,"Hyderabad, India",https://stackoverflow.com/jobs/323516
Senior C# Engineer,Homesnap,"Bethesda, MD",https://stackoverflow.com/jobs/234047
Drupal Developer,Quad One,"Hyderabad, India",https://stackoverflow.com/jobs/372059
PHP Developer / Programmer,Simplihire,"Ahmedabad, India",https://stackoverflow.com/jobs/381091
アプリケーション開発,株式会社エーティーエス,"Osaka, Japan",https://stackoverflow.com/jobs/314796
受発注システム開発業務(SE),株式会社エーティーエス,"Osaka, Japan",https://stackoverflow.com/jobs/314757
Senior Android Developer,Web Summit,"Dublin, Ireland",https://stackoverflow.com/jobs/347545
Webディレクター,株式会社イマジカデジタルスケープ,"Osaka, Japan",https://stackoverflow.com/jobs/345784
生産管理システム構築業務,株式会社エーティーエス,"Osaka, Japan",https://stackoverflow.com/jobs/335523
Backend Software Engineer (Python / Django),Tivix,"London, UK",https://stackoverflow.com/jobs/347102
Mid-Level Backend Software Engineer (Python / Django),Tivix,"Wrocław, Poland",https://stackoverflow.com/jobs/347101
Senior PHP Developer,Dotbits,"Hyderabad, India",https://stackoverflow.com/jobs/335298
機暦管理システムの改修(Java),株式会社エーティーエス,"Takarazuka, Japan",https://stackoverflow.com/jobs/359969
基幹システムの保守・改善,株式会社エーティーエス,"Akashi, Japan",https://stackoverflow.com/jobs/359968
PHP,1WayIT Solutions,"Sahibzada Ajit Singh Nagar, India",https://stackoverflow.com/jobs/380821
PHP Developer,Ratiocinative Solutions,"Sahibzada Ajit Singh Nagar, India",https://stackoverflow.com/jobs/380808
Senior Software Engineer - PHP,Tiatech Health Technologies Private Limited,"Ernakulam, India",https://stackoverflow.com/jobs/380738
Python+ Hadoop Developer,forstaffing india,"Mumbai, India",https://stackoverflow.com/jobs/359793
Sr.PHP Developer,TALENT MAX HR & MANAGEMENT CONSULTANTS,"Indore, India",https://stackoverflow.com/jobs/325754
Artificial Intelligence Engineer,Swiss Base Company,"Bengaluru, India",https://stackoverflow.com/jobs/346952
Data Scientist Intern Job,Dasceq,"Bengaluru, India",https://stackoverflow.com/jobs/346899
"Product Manager, New Business & International (mobile apps &/or subscription B2C experience)",Audible,"Newark, NJ",https://stackoverflow.com/jobs/371596
自治体向けのシステム開発エンジニア・プログラマ,株式会社シティキャリアサービス,"Fukuoka, Japan",https://stackoverflow.com/jobs/359392
Software engineer,CGI IT UK LTD,"Milton Keynes, UK",https://stackoverflow.com/jobs/359062
Software Engineer,CGI IT UK LTD,"London, UK",https://stackoverflow.com/jobs/359061
Principal iOS Engineer (Mobile SDK),Backbase,"Amsterdam, Netherlands",https://stackoverflow.com/jobs/380067
Senior Software Engineer,Ascension,"Chicago, IL",https://stackoverflow.com/jobs/371226
Tech Lead for Java system development (f/m/d),Zühlke Engineering GmbH,"Frankfurt am Main, Deutschland",https://stackoverflow.com/jobs/380061
Frontend Developer to Halebop,Telia Company,"Solna, Sweden",https://stackoverflow.com/jobs/380059
Automation Testing,technosoft corporation,"Hyderabad, India",https://stackoverflow.com/jobs/379912
[ゲーム制作] ゲームプログラマー,Trico(トリコ),"Minato City, Japan",https://stackoverflow.com/jobs/313290
正社員募集 大手企業 ファンクション開発(AI-OCR),株式会社エーティーエス,"Minato City, Japan",https://stackoverflow.com/jobs/379727
Manager of Software Development - SaaS Products,NAVIS,"Bend, OR",https://stackoverflow.com/jobs/334074
